{
  "store": "dynamodb",
  "scenario": "feature_scaling",
  "timestamp": "2026-03-19T18:40:10.356373",
  "feast_version": "0.0.0",
  "config": {
    "fixed_entities": 50,
    "feature_counts": [
      5,
      25,
      50,
      100,
      150,
      200
    ],
    "iterations": 300,
    "warmup": 20,
    "sla_ms": 60.0,
    "optimizations": [
      "cache_ttl=0",
      "entity_key_v3",
      "iter=300",
      "adaptive_retry"
    ]
  },
  "latency": [
    {
      "store": "dynamodb",
      "scenario": "feature_scaling",
      "num_features": 5,
      "num_entities": 50,
      "p50": 12.546512007247657,
      "p95": 13.627067964989692,
      "p99": 26.9603009801358,
      "mean": 12.60894252647025,
      "min_val": 10.831101040821522,
      "max_val": 29.533770983107388,
      "std_dev": 1.8017401890837503,
      "rps": 79.30879198637605,
      "online_read_pct": 0.10946335056497286,
      "protobuf_convert_pct": 2.3300441164144567,
      "entity_serial_pct": 1.3606101826276338,
      "other_pct": 96.19988235039294,
      "sla_pass": true,
      "feast_version": "0.0.0",
      "optimizations": [
        "cache_ttl=0",
        "entity_key_v3",
        "iter=300",
        "adaptive_retry"
      ]
    },
    {
      "store": "dynamodb",
      "scenario": "feature_scaling",
      "num_features": 25,
      "num_entities": 50,
      "p50": 23.385486972983927,
      "p95": 25.595207000151277,
      "p99": 91.19224501773715,
      "mean": 24.301853516759973,
      "min_val": 20.169628027360886,
      "max_val": 103.25851396191865,
      "std_dev": 8.4624130599149,
      "rps": 41.14912466698648,
      "online_read_pct": 0.05637984398481179,
      "protobuf_convert_pct": 4.825862591398007,
      "entity_serial_pct": 0.5928468112742913,
      "other_pct": 94.5249107533429,
      "sla_pass": false,
      "feast_version": "0.0.0",
      "optimizations": [
        "cache_ttl=0",
        "entity_key_v3",
        "iter=300",
        "adaptive_retry"
      ]
    },
    {
      "store": "dynamodb",
      "scenario": "feature_scaling",
      "num_features": 50,
      "num_entities": 50,
      "p50": 36.898121994454414,
      "p95": 91.16024599643424,
      "p99": 124.95602603303269,
      "mean": 40.665986851478614,
      "min_val": 32.180487003643066,
      "max_val": 131.43796601798385,
      "std_dev": 17.798210511149517,
      "rps": 24.590575009337073,
      "online_read_pct": 0.03900416362030077,
      "protobuf_convert_pct": 6.707799907204278,
      "entity_serial_pct": 0.3986013918837224,
      "other_pct": 92.8545945372917,
      "sla_pass": false,
      "feast_version": "0.0.0",
      "optimizations": [
        "cache_ttl=0",
        "entity_key_v3",
        "iter=300",
        "adaptive_retry"
      ]
    },
    {
      "store": "dynamodb",
      "scenario": "feature_scaling",
      "num_features": 100,
      "num_entities": 50,
      "p50": 64.96462703216821,
      "p95": 151.32874401751906,
      "p99": 158.01309800008312,
      "mean": 77.86203858326189,
      "min_val": 58.15836897818372,
      "max_val": 161.76192701095715,
      "std_dev": 30.613717197834077,
      "rps": 12.843229103623436,
      "online_read_pct": 0.019439375808989287,
      "protobuf_convert_pct": 7.785558809463572,
      "entity_serial_pct": 0.2006637713756073,
      "other_pct": 91.99433804335183,
      "sla_pass": false,
      "feast_version": "0.0.0",
      "optimizations": [
        "cache_ttl=0",
        "entity_key_v3",
        "iter=300",
        "adaptive_retry"
      ]
    },
    {
      "store": "dynamodb",
      "scenario": "feature_scaling",
      "num_features": 150,
      "num_entities": 50,
      "p50": 93.78958196612075,
      "p95": 183.6912279832177,
      "p99": 193.7121299561113,
      "mean": 115.15491877313859,
      "min_val": 85.59044398134574,
      "max_val": 197.28266302263364,
      "std_dev": 36.9874960725071,
      "rps": 8.683953848033656,
      "online_read_pct": 0.014707333141686301,
      "protobuf_convert_pct": 7.987391679552695,
      "entity_serial_pct": 0.14528145855118074,
      "other_pct": 91.85261952875443,
      "sla_pass": false,
      "feast_version": "0.0.0",
      "optimizations": [
        "cache_ttl=0",
        "entity_key_v3",
        "iter=300",
        "adaptive_retry"
      ]
    },
    {
      "store": "dynamodb",
      "scenario": "feature_scaling",
      "num_features": 200,
      "num_entities": 50,
      "p50": 123.84661001851782,
      "p95": 211.13850199617445,
      "p99": 219.85062002204359,
      "mean": 153.18460814790646,
      "min_val": 110.44448695611209,
      "max_val": 227.12642600527033,
      "std_dev": 40.05627752891412,
      "rps": 6.5280710124248005,
      "online_read_pct": 0.011007263294539453,
      "protobuf_convert_pct": 7.781122375717564,
      "entity_serial_pct": 0.10107488656068465,
      "other_pct": 92.10679547442722,
      "sla_pass": false,
      "feast_version": "0.0.0",
      "optimizations": [
        "cache_ttl=0",
        "entity_key_v3",
        "iter=300",
        "adaptive_retry"
      ]
    }
  ]
}