{
  "store": "dynamodb",
  "scenario": "feature_scaling",
  "timestamp": "2026-03-19T18:20:39.550331",
  "feast_version": "0.0.0",
  "config": {
    "fixed_entities": 50,
    "feature_counts": [
      5,
      25,
      50,
      100,
      150,
      200
    ],
    "iterations": 300,
    "warmup": 20,
    "sla_ms": 60.0,
    "optimizations": [
      "cache_ttl=0",
      "entity_key_v3",
      "iter=300",
      "adaptive_retry"
    ]
  },
  "latency": [
    {
      "store": "dynamodb",
      "scenario": "feature_scaling",
      "num_features": 5,
      "num_entities": 50,
      "p50": 12.604567978996783,
      "p95": 15.422904980368912,
      "p99": 22.00492500560358,
      "mean": 13.048810132895596,
      "min_val": 11.370092979632318,
      "max_val": 25.88424296118319,
      "std_dev": 1.7055243824201733,
      "rps": 76.6353399134098,
      "online_read_pct": 0.11541941277802895,
      "protobuf_convert_pct": 2.181927277235898,
      "entity_serial_pct": 1.3031040540385896,
      "other_pct": 96.39954925594748,
      "sla_pass": true,
      "feast_version": "0.0.0",
      "optimizations": [
        "cache_ttl=0",
        "entity_key_v3",
        "iter=300",
        "adaptive_retry"
      ]
    },
    {
      "store": "dynamodb",
      "scenario": "feature_scaling",
      "num_features": 25,
      "num_entities": 50,
      "p50": 24.863350961823016,
      "p95": 28.420817980077118,
      "p99": 112.47893399558961,
      "mean": 26.08930283788747,
      "min_val": 21.82846498908475,
      "max_val": 119.11289999261498,
      "std_dev": 9.966287927997538,
      "rps": 38.32988586217711,
      "online_read_pct": 0.05723170101899798,
      "protobuf_convert_pct": 4.680489736633656,
      "entity_serial_pct": 0.5852135895829732,
      "other_pct": 94.67706497276437,
      "sla_pass": false,
      "feast_version": "0.0.0",
      "optimizations": [
        "cache_ttl=0",
        "entity_key_v3",
        "iter=300",
        "adaptive_retry"
      ]
    },
    {
      "store": "dynamodb",
      "scenario": "feature_scaling",
      "num_features": 50,
      "num_entities": 50,
      "p50": 37.482077023014426,
      "p95": 105.38071801420301,
      "p99": 130.15099801123142,
      "mean": 41.659482908629194,
      "min_val": 33.44855201430619,
      "max_val": 146.53275103773922,
      "std_dev": 18.66415954487195,
      "rps": 24.004138558159195,
      "online_read_pct": 0.03854628513359527,
      "protobuf_convert_pct": 6.647800201035419,
      "entity_serial_pct": 0.4479356870867568,
      "other_pct": 92.86571782674423,
      "sla_pass": false,
      "feast_version": "0.0.0",
      "optimizations": [
        "cache_ttl=0",
        "entity_key_v3",
        "iter=300",
        "adaptive_retry"
      ]
    },
    {
      "store": "dynamodb",
      "scenario": "feature_scaling",
      "num_features": 100,
      "num_entities": 50,
      "p50": 67.26000102935359,
      "p95": 155.45310598099604,
      "p99": 163.40671497164294,
      "mean": 80.53974489914253,
      "min_val": 60.641884978394955,
      "max_val": 167.43041801964864,
      "std_dev": 30.577098355453053,
      "rps": 12.41623003961919,
      "online_read_pct": 0.02082678129816067,
      "protobuf_convert_pct": 7.292817822660178,
      "entity_serial_pct": 0.2077649556340136,
      "other_pct": 92.47859044040764,
      "sla_pass": false,
      "feast_version": "0.0.0",
      "optimizations": [
        "cache_ttl=0",
        "entity_key_v3",
        "iter=300",
        "adaptive_retry"
      ]
    },
    {
      "store": "dynamodb",
      "scenario": "feature_scaling",
      "num_features": 150,
      "num_entities": 50,
      "p50": 95.07579199271277,
      "p95": 186.6003810428083,
      "p99": 195.47083001816645,
      "mean": 116.29256439414651,
      "min_val": 85.86032502353191,
      "max_val": 215.80422797705978,
      "std_dev": 37.25493427882209,
      "rps": 8.59900205322443,
      "online_read_pct": 0.01540290203963236,
      "protobuf_convert_pct": 7.906540350582724,
      "entity_serial_pct": 0.14889794469318893,
      "other_pct": 91.92915880268446,
      "sla_pass": false,
      "feast_version": "0.0.0",
      "optimizations": [
        "cache_ttl=0",
        "entity_key_v3",
        "iter=300",
        "adaptive_retry"
      ]
    },
    {
      "store": "dynamodb",
      "scenario": "feature_scaling",
      "num_features": 200,
      "num_entities": 50,
      "p50": 124.54262701794505,
      "p95": 212.1911770082079,
      "p99": 219.45588797098026,
      "mean": 153.10264483307643,
      "min_val": 108.96008799318224,
      "max_val": 227.34526597196236,
      "std_dev": 38.84907454049175,
      "rps": 6.531565807307067,
      "online_read_pct": 0.011516950269865569,
      "protobuf_convert_pct": 7.356565602490729,
      "entity_serial_pct": 0.10525911163590745,
      "other_pct": 92.5266583356035,
      "sla_pass": false,
      "feast_version": "0.0.0",
      "optimizations": [
        "cache_ttl=0",
        "entity_key_v3",
        "iter=300",
        "adaptive_retry"
      ]
    }
  ]
}