{
  "store": "dynamodb",
  "scenario": "feature_scaling",
  "timestamp": "2026-03-19T18:49:59.606580",
  "feast_version": "0.0.0",
  "config": {
    "fixed_entities": 50,
    "feature_counts": [
      5,
      25,
      50,
      100,
      150,
      200
    ],
    "iterations": 300,
    "warmup": 20,
    "sla_ms": 60.0,
    "optimizations": [
      "cache_ttl=0",
      "entity_key_v3",
      "iter=300",
      "adaptive_retry"
    ]
  },
  "latency": [
    {
      "store": "dynamodb",
      "scenario": "feature_scaling",
      "num_features": 5,
      "num_entities": 50,
      "p50": 12.739808997139335,
      "p95": 14.585033000912517,
      "p99": 19.409183005336672,
      "mean": 12.989541293354705,
      "min_val": 11.478530999738723,
      "max_val": 31.553964014165103,
      "std_dev": 1.5694878202560854,
      "rps": 76.98501258944287,
      "online_read_pct": 0.10847690485324023,
      "protobuf_convert_pct": 2.833541387308805,
      "entity_serial_pct": 1.3294956603247168,
      "other_pct": 95.72848604751324,
      "sla_pass": true,
      "feast_version": "0.0.0",
      "optimizations": [
        "cache_ttl=0",
        "entity_key_v3",
        "iter=300",
        "adaptive_retry"
      ]
    },
    {
      "store": "dynamodb",
      "scenario": "feature_scaling",
      "num_features": 25,
      "num_entities": 50,
      "p50": 23.5768299899064,
      "p95": 27.719061996322125,
      "p99": 100.71191901806742,
      "mean": 24.932999013690278,
      "min_val": 20.764108980074525,
      "max_val": 112.99928603693843,
      "std_dev": 9.715525364914123,
      "rps": 40.10748965461064,
      "online_read_pct": 0.04937724843755603,
      "protobuf_convert_pct": 4.657784126543555,
      "entity_serial_pct": 0.5987693452381974,
      "other_pct": 94.69406927978069,
      "sla_pass": false,
      "feast_version": "0.0.0",
      "optimizations": [
        "cache_ttl=0",
        "entity_key_v3",
        "iter=300",
        "adaptive_retry"
      ]
    },
    {
      "store": "dynamodb",
      "scenario": "feature_scaling",
      "num_features": 50,
      "num_entities": 50,
      "p50": 37.09884098498151,
      "p95": 104.96302001411095,
      "p99": 126.35133397998288,
      "mean": 41.083672227105126,
      "min_val": 32.62035199441016,
      "max_val": 134.02705901535228,
      "std_dev": 17.916741515795458,
      "rps": 24.340570007280064,
      "online_read_pct": 0.04179184032544967,
      "protobuf_convert_pct": 6.6785377623868625,
      "entity_serial_pct": 0.42768341210056726,
      "other_pct": 92.85198698518712,
      "sla_pass": false,
      "feast_version": "0.0.0",
      "optimizations": [
        "cache_ttl=0",
        "entity_key_v3",
        "iter=300",
        "adaptive_retry"
      ]
    },
    {
      "store": "dynamodb",
      "scenario": "feature_scaling",
      "num_features": 100,
      "num_entities": 50,
      "p50": 65.89884700952098,
      "p95": 154.7594130388461,
      "p99": 167.9354010266252,
      "mean": 79.52589134743903,
      "min_val": 59.761011973023415,
      "max_val": 172.11183300241828,
      "std_dev": 31.299976545801556,
      "rps": 12.574521115785053,
      "online_read_pct": 0.02064838433881266,
      "protobuf_convert_pct": 7.018437772665017,
      "entity_serial_pct": 0.2023829666135825,
      "other_pct": 92.7585308763826,
      "sla_pass": false,
      "feast_version": "0.0.0",
      "optimizations": [
        "cache_ttl=0",
        "entity_key_v3",
        "iter=300",
        "adaptive_retry"
      ]
    },
    {
      "store": "dynamodb",
      "scenario": "feature_scaling",
      "num_features": 150,
      "num_entities": 50,
      "p50": 92.90481195785105,
      "p95": 178.065175015945,
      "p99": 185.8568799798377,
      "mean": 113.31845579067401,
      "min_val": 83.54965399485081,
      "max_val": 188.40247503248975,
      "std_dev": 34.998157860051116,
      "rps": 8.824687850028917,
      "online_read_pct": 0.015950465149199147,
      "protobuf_convert_pct": 7.690545373107189,
      "entity_serial_pct": 0.15477993868466988,
      "other_pct": 92.13872422305894,
      "sla_pass": false,
      "feast_version": "0.0.0",
      "optimizations": [
        "cache_ttl=0",
        "entity_key_v3",
        "iter=300",
        "adaptive_retry"
      ]
    },
    {
      "store": "dynamodb",
      "scenario": "feature_scaling",
      "num_features": 200,
      "num_entities": 50,
      "p50": 124.9543169979006,
      "p95": 212.90074504213408,
      "p99": 221.06787998927757,
      "mean": 155.17402419102532,
      "min_val": 112.8849340020679,
      "max_val": 222.07186999730766,
      "std_dev": 40.416337955614935,
      "rps": 6.444377563921141,
      "online_read_pct": 0.01271992168863646,
      "protobuf_convert_pct": 7.694460523719782,
      "entity_serial_pct": 0.1062023178563649,
      "other_pct": 92.18661723673522,
      "sla_pass": false,
      "feast_version": "0.0.0",
      "optimizations": [
        "cache_ttl=0",
        "entity_key_v3",
        "iter=300",
        "adaptive_retry"
      ]
    }
  ]
}