{
  "store": "dynamodb",
  "scenario": "feature_scaling",
  "timestamp": "2026-03-19T21:59:38.879386",
  "feast_version": "0.61.0",
  "config": {
    "fixed_entities": 50,
    "feature_counts": [
      5,
      25,
      50,
      100,
      150,
      200
    ],
    "iterations": 300,
    "warmup": 20,
    "sla_ms": 60.0,
    "optimizations": [
      "cache_ttl=0",
      "entity_key_v3",
      "iter=300",
      "adaptive_retry"
    ]
  },
  "latency": [
    {
      "store": "dynamodb",
      "scenario": "feature_scaling",
      "num_features": 5,
      "num_entities": 50,
      "p50": 10.081734042614698,
      "p95": 10.728095949161798,
      "p99": 25.510769977699965,
      "mean": 10.4480136736917,
      "min_val": 9.507187991403043,
      "max_val": 63.16031701862812,
      "std_dev": 3.4089581810285807,
      "rps": 95.71197274731936,
      "online_read_pct": 0.08000316209816596,
      "protobuf_convert_pct": 1.9431717626260783,
      "entity_serial_pct": 1.5689750527998765,
      "other_pct": 96.40785002247587,
      "sla_pass": true,
      "feast_version": "0.61.0",
      "optimizations": [
        "cache_ttl=0",
        "entity_key_v3",
        "iter=300",
        "adaptive_retry"
      ]
    },
    {
      "store": "dynamodb",
      "scenario": "feature_scaling",
      "num_features": 25,
      "num_entities": 50,
      "p50": 16.126470000017434,
      "p95": 17.780617985408753,
      "p99": 32.52682596212253,
      "mean": 16.774534553987905,
      "min_val": 15.542589011602104,
      "max_val": 73.20637302473187,
      "std_dev": 4.786405178508105,
      "rps": 59.614172708134205,
      "online_read_pct": 0.03665373636116754,
      "protobuf_convert_pct": 4.386788764076492,
      "entity_serial_pct": 0.824898061498411,
      "other_pct": 94.75165943806392,
      "sla_pass": true,
      "feast_version": "0.61.0",
      "optimizations": [
        "cache_ttl=0",
        "entity_key_v3",
        "iter=300",
        "adaptive_retry"
      ]
    },
    {
      "store": "dynamodb",
      "scenario": "feature_scaling",
      "num_features": 50,
      "num_entities": 50,
      "p50": 23.65255099721253,
      "p95": 26.85687196208164,
      "p99": 84.0546129620634,
      "mean": 25.399110714012448,
      "min_val": 22.88564102491364,
      "max_val": 87.06036099465564,
      "std_dev": 9.284199231132053,
      "rps": 39.37145718445605,
      "online_read_pct": 0.026869524467220535,
      "protobuf_convert_pct": 5.523434839725355,
      "entity_serial_pct": 0.520097573598251,
      "other_pct": 93.92959806220918,
      "sla_pass": false,
      "feast_version": "0.61.0",
      "optimizations": [
        "cache_ttl=0",
        "entity_key_v3",
        "iter=300",
        "adaptive_retry"
      ]
    },
    {
      "store": "dynamodb",
      "scenario": "feature_scaling",
      "num_features": 100,
      "num_entities": 50,
      "p50": 39.09964102786034,
      "p95": 94.25152302719653,
      "p99": 99.73507100949064,
      "mean": 44.24289039180925,
      "min_val": 37.608240032568574,
      "max_val": 101.59502999158576,
      "std_dev": 15.904034598447945,
      "rps": 22.60250158034728,
      "online_read_pct": 0.01384300204804382,
      "protobuf_convert_pct": 6.47611991646073,
      "entity_serial_pct": 0.3001054999914159,
      "other_pct": 93.20993158149982,
      "sla_pass": false,
      "feast_version": "0.61.0",
      "optimizations": [
        "cache_ttl=0",
        "entity_key_v3",
        "iter=300",
        "adaptive_retry"
      ]
    },
    {
      "store": "dynamodb",
      "scenario": "feature_scaling",
      "num_features": 150,
      "num_entities": 50,
      "p50": 55.17689301632345,
      "p95": 113.16995200468227,
      "p99": 117.6564019988291,
      "mean": 64.19504569241933,
      "min_val": 52.58138198405504,
      "max_val": 119.25967101706192,
      "std_dev": 20.751302211350687,
      "rps": 15.577526103670772,
      "online_read_pct": 0.01042762364226016,
      "protobuf_convert_pct": 6.7493070647583595,
      "entity_serial_pct": 0.2095985081010334,
      "other_pct": 93.03066680349835,
      "sla_pass": false,
      "feast_version": "0.61.0",
      "optimizations": [
        "cache_ttl=0",
        "entity_key_v3",
        "iter=300",
        "adaptive_retry"
      ]
    },
    {
      "store": "dynamodb",
      "scenario": "feature_scaling",
      "num_features": 200,
      "num_entities": 50,
      "p50": 73.62109702080488,
      "p95": 132.94017902808264,
      "p99": 137.88882904918864,
      "mean": 87.6023677973232,
      "min_val": 69.49933897703886,
      "max_val": 140.19826299045235,
      "std_dev": 25.204788825102504,
      "rps": 11.415216564849018,
      "online_read_pct": 0.008597937395799664,
      "protobuf_convert_pct": 6.586196352073821,
      "entity_serial_pct": 0.15391329536866521,
      "other_pct": 93.25129241516171,
      "sla_pass": false,
      "feast_version": "0.61.0",
      "optimizations": [
        "cache_ttl=0",
        "entity_key_v3",
        "iter=300",
        "adaptive_retry"
      ]
    }
  ]
}