{
  "store": "dynamodb",
  "scenario": "feature_scaling",
  "timestamp": "2026-03-20T04:00:38.017712",
  "feast_version": "0.0.0",
  "config": {
    "fixed_entities": 50,
    "feature_counts": [
      5,
      25,
      50,
      100,
      150,
      200
    ],
    "iterations": 300,
    "warmup": 30,
    "sla_ms": 60.0,
    "optimizations": [
      "cache_ttl=0",
      "entity_key_v3",
      "iter=300",
      "adaptive_retry"
    ]
  },
  "latency": [
    {
      "store": "dynamodb",
      "scenario": "feature_scaling",
      "num_features": 5,
      "num_entities": 50,
      "p50": 11.914553993847221,
      "p95": 13.182719994802028,
      "p99": 17.26020302157849,
      "mean": 12.073437243622417,
      "min_val": 10.885499999858439,
      "max_val": 23.00116402329877,
      "std_dev": 1.0015728370465646,
      "rps": 82.82645445713752,
      "online_read_pct": 0.07328172000003602,
      "protobuf_convert_pct": 2.1356364158649326,
      "entity_serial_pct": 1.3985985883671843,
      "other_pct": 96.39248327576784,
      "sla_pass": true,
      "feast_version": "0.0.0",
      "optimizations": [
        "cache_ttl=0",
        "entity_key_v3",
        "iter=300",
        "adaptive_retry"
      ]
    },
    {
      "store": "dynamodb",
      "scenario": "feature_scaling",
      "num_features": 25,
      "num_entities": 50,
      "p50": 22.216901008505374,
      "p95": 26.44572703866288,
      "p99": 81.76078199176118,
      "mean": 23.462797659643304,
      "min_val": 20.944904012139887,
      "max_val": 89.48790200520307,
      "std_dev": 7.197084004547769,
      "rps": 42.620663337178634,
      "online_read_pct": 0.03880726083070029,
      "protobuf_convert_pct": 5.035566727805818,
      "entity_serial_pct": 0.6847812495885988,
      "other_pct": 94.24084476177488,
      "sla_pass": false,
      "feast_version": "0.0.0",
      "optimizations": [
        "cache_ttl=0",
        "entity_key_v3",
        "iter=300",
        "adaptive_retry"
      ]
    },
    {
      "store": "dynamodb",
      "scenario": "feature_scaling",
      "num_features": 50,
      "num_entities": 50,
      "p50": 33.44009799184278,
      "p95": 88.08861399302259,
      "p99": 93.46606698818505,
      "mean": 36.63925845253592,
      "min_val": 32.14394103270024,
      "max_val": 100.13546200934798,
      "std_dev": 12.75031381021311,
      "rps": 27.2931287977742,
      "online_read_pct": 0.024594127786601756,
      "protobuf_convert_pct": 6.275343225068171,
      "entity_serial_pct": 0.39808265046395636,
      "other_pct": 93.30197999668127,
      "sla_pass": false,
      "feast_version": "0.0.0",
      "optimizations": [
        "cache_ttl=0",
        "entity_key_v3",
        "iter=300",
        "adaptive_retry"
      ]
    },
    {
      "store": "dynamodb",
      "scenario": "feature_scaling",
      "num_features": 100,
      "num_entities": 50,
      "p50": 57.38694797037169,
      "p95": 114.78646396426484,
      "p99": 116.88481702003628,
      "mean": 67.22438004158903,
      "min_val": 55.2697479724884,
      "max_val": 120.34617504104972,
      "std_dev": 21.497032496773887,
      "rps": 14.875555555608546,
      "online_read_pct": 0.014594227415331779,
      "protobuf_convert_pct": 6.894748879298956,
      "entity_serial_pct": 0.21784026494837522,
      "other_pct": 92.87281662833733,
      "sla_pass": false,
      "feast_version": "0.0.0",
      "optimizations": [
        "cache_ttl=0",
        "entity_key_v3",
        "iter=300",
        "adaptive_retry"
      ]
    },
    {
      "store": "dynamodb",
      "scenario": "feature_scaling",
      "num_features": 150,
      "num_entities": 50,
      "p50": 84.87141301156953,
      "p95": 144.25492100417614,
      "p99": 148.5219790483825,
      "mean": 100.57775793325466,
      "min_val": 80.15274500939995,
      "max_val": 151.1340690194629,
      "std_dev": 25.928816141582377,
      "rps": 9.942556093402075,
      "online_read_pct": 0.011661913601665082,
      "protobuf_convert_pct": 7.197641625942964,
      "entity_serial_pct": 0.14422107166793224,
      "other_pct": 92.64647538878744,
      "sla_pass": false,
      "feast_version": "0.0.0",
      "optimizations": [
        "cache_ttl=0",
        "entity_key_v3",
        "iter=300",
        "adaptive_retry"
      ]
    },
    {
      "store": "dynamodb",
      "scenario": "feature_scaling",
      "num_features": 200,
      "num_entities": 50,
      "p50": 113.10689797392115,
      "p95": 170.9879389964044,
      "p99": 177.40010900888592,
      "mean": 135.58509718161076,
      "min_val": 106.36400000657886,
      "max_val": 189.99915500171483,
      "std_dev": 28.33843489979623,
      "rps": 7.375441850076933,
      "online_read_pct": 0.009155410821991084,
      "protobuf_convert_pct": 7.340800054923788,
      "entity_serial_pct": 0.1044980783013154,
      "other_pct": 92.5455464559529,
      "sla_pass": false,
      "feast_version": "0.0.0",
      "optimizations": [
        "cache_ttl=0",
        "entity_key_v3",
        "iter=300",
        "adaptive_retry"
      ]
    }
  ]
}